{
  "model_type": "discrete_naive_bayes_bayesian_network",
  "target": "risk_next_h50",
  "risk_states": [
    "safe",
    "moderate_damage",
    "high_damage",
    "death"
  ],
  "features": [
    "player_hp_band",
    "recent_damage_band",
    "kills_so_far_band",
    "progress_band",
    "room_band",
    "enemy_attack_pressure_band",
    "enemy_activity_band",
    "player_consumption_band"
  ],
  "feature_labels": {
    "player_hp_band": "Banda de vida del jugador",
    "recent_damage_band": "Daño recibido recientemente",
    "kills_so_far_band": "Enemigos eliminados acumulados",
    "progress_band": "Progreso temporal",
    "room_band": "Sala/fase de la partida",
    "enemy_attack_pressure_band": "Presión ofensiva enemiga",
    "enemy_activity_band": "Actividad enemiga total",
    "player_consumption_band": "Uso de consumir/curarse"
  },
  "alpha_laplace": 1.0,
  "prior": {
    "safe": 0.7789138147320553,
    "moderate_damage": 0.183577364851621,
    "high_damage": 0.02431984789682073,
    "death": 0.01318897251950292
  },
  "cpts_feature_given_risk": {
    "player_hp_band": {
      "safe": {
        "critical_1_20": 3.14552454767357e-06,
        "high_81_100": 0.5054952313847857,
        "low_21_50": 3.14552454767357e-06,
        "medium_51_80": 0.4944984775661189
      },
      "moderate_damage": {
        "critical_1_20": 0.0006806443433116684,
        "high_81_100": 0.15573409494321291,
        "low_21_50": 0.7765351199135181,
        "medium_51_80": 0.06705014079995729
      },
      "high_damage": {
        "critical_1_20": 0.10202437304864538,
        "high_81_100": 0.7405579615268406,
        "low_21_50": 0.12770671769563904,
        "medium_51_80": 0.029710947728875014
      },
      "death": {
        "critical_1_20": 0.0001856665428889714,
        "high_81_100": 0.42759004827330116,
        "low_21_50": 0.09060527292981804,
        "medium_51_80": 0.48161901225399184
      }
    },
    "recent_damage_band": {
      "safe": {
        "high_31_plus": 0.015299831399884245,
        "low_1_10": 0.026387805430433578,
        "medium_11_30": 0.036909585042401674,
        "none": 0.9214027781272806
      },
      "moderate_damage": {
        "high_31_plus": 0.03739540097959401,
        "low_1_10": 0.050234221729904306,
        "medium_11_30": 0.041519304942011774,
        "none": 0.8708510723484899
      },
      "high_damage": {
        "high_31_plus": 0.020243730486453823,
        "low_1_10": 0.2181488568838755,
        "medium_11_30": 0.057709739147950447,
        "none": 0.7038976734817202
      },
      "death": {
        "high_31_plus": 0.021537318975120682,
        "low_1_10": 0.014667656888228742,
        "medium_11_30": 0.02135165243223171,
        "none": 0.9424433717044188
      }
    },
    "kills_so_far_band": {
      "safe": {
        "0": 0.00011638404217506047,
        "1_5": 0.02204691220554051,
        "26_75": 0.42458785894254086,
        "6_25": 0.0734163120098895,
        "76_plus": 0.47983253279985405
      },
      "moderate_damage": {
        "0": 0.0032029894568263713,
        "1_5": 0.08573335112771921,
        "26_75": 0.2569197918056853,
        "6_25": 0.09358067529694382,
        "76_plus": 0.5605631923128253
      },
      "high_damage": {
        "0": 0.006747230614300101,
        "1_5": 0.31822759315206445,
        "26_75": 0.31671701913393757,
        "6_25": 0.172809667673716,
        "76_plus": 0.18549848942598188
      },
      "death": {
        "0": 0.00018563207722294413,
        "1_5": 0.00018563207722294413,
        "26_75": 0.7790978281046965,
        "6_25": 0.20178206794134027,
        "76_plus": 0.018748839799517355
      }
    },
    "progress_band": {
      "safe": {
        "early_51_250": 0.11429542044521615,
        "late_1001_2500": 0.37207349180436156,
        "mid_251_1000": 0.2898025560452073,
        "start_0_50": 0.02266972410690975,
        "very_late_2501_plus": 0.2011588075983052
      },
      "moderate_damage": {
        "early_51_250": 0.1218337114640331,
        "late_1001_2500": 0.2691445348992393,
        "mid_251_1000": 0.17280128119578272,
        "start_0_50": 0.0838782864006406,
        "very_late_2501_plus": 0.35234218604030426
      },
      "high_damage": {
        "early_51_250": 0.1865055387713998,
        "late_1001_2500": 0.2149043303121853,
        "mid_251_1000": 0.2375629405840886,
        "start_0_50": 0.311178247734139,
        "very_late_2501_plus": 0.04984894259818731
      },
      "death": {
        "early_51_250": 0.18266196398737702,
        "late_1001_2500": 0.0837200668275478,
        "mid_251_1000": 0.7332467050306293,
        "start_0_50": 0.00018563207722294413,
        "very_late_2501_plus": 0.00018563207722294413
      }
    },
    "room_band": {
      "safe": {
        "room_0_1": 0.02244953808117315,
        "room_2": 0.05412487064070988,
        "room_3": 0.12671705781141382,
        "room_4": 0.03202448468606191,
        "room_5_plus": 0.7646840487806412
      },
      "moderate_damage": {
        "room_0_1": 0.08892299479514214,
        "room_2": 0.08155611904444147,
        "room_3": 0.09711730948885626,
        "room_4": 0.020872814626985186,
        "room_5_plus": 0.7115307620445749
      },
      "high_damage": {
        "room_0_1": 0.32487411883182277,
        "room_2": 0.1661631419939577,
        "room_3": 0.09728096676737161,
        "room_4": 0.04370594159113796,
        "room_5_plus": 0.36797583081570995
      },
      "death": {
        "room_0_1": 0.00018563207722294413,
        "room_2": 0.15723036940783366,
        "room_3": 0.5147577501392241,
        "room_4": 0.23798032299981436,
        "room_5_plus": 0.08984592537590495
      }
    },
    "enemy_attack_pressure_band": {
      "safe": {
        "four_plus": 0.003931905684591962,
        "none": 0.6902067238732731,
        "one": 0.24096290797453385,
        "two_three": 0.0648984624676011
      },
      "moderate_damage": {
        "four_plus": 0.002655847535667098,
        "none": 0.7546477331874174,
        "one": 0.19796073616356819,
        "two_three": 0.0447356831133473
      },
      "high_damage": {
        "four_plus": 0.003525027696646188,
        "none": 0.7168899184207876,
        "one": 0.22681035350992043,
        "two_three": 0.05277470037264578
      },
      "death": {
        "four_plus": 0.004455997029335313,
        "none": 0.747122168585221,
        "one": 0.1966208689194207,
        "two_three": 0.05180096546602302
      }
    },
    "enemy_activity_band": {
      "safe": {
        "high_16_plus": 0.4463342056921412,
        "low_1_5": 0.09010355066810942,
        "medium_6_15": 0.4634206950351041,
        "none": 0.00014154860464531065
      },
      "moderate_damage": {
        "high_16_plus": 0.3680684381214216,
        "low_1_5": 0.18856517503236397,
        "medium_6_15": 0.44012331673984706,
        "none": 0.003243070106367361
      },
      "high_damage": {
        "high_16_plus": 0.2302346661295196,
        "low_1_5": 0.36660288045120354,
        "medium_6_15": 0.3964145432571256,
        "none": 0.006747910162151274
      },
      "death": {
        "high_16_plus": 0.19977720014853323,
        "low_1_5": 0.17935388043074638,
        "medium_6_15": 0.6206832528778314,
        "none": 0.0001856665428889714
      }
    },
    "player_consumption_band": {
      "safe": {
        "consume": 0.14431757415620775,
        "no_consume": 0.8556824258437923
      },
      "moderate_damage": {
        "consume": 0.10563615252178787,
        "no_consume": 0.8943638474782122
      },
      "high_damage": {
        "consume": 0.13740304220811927,
        "no_consume": 0.8625969577918807
      },
      "death": {
        "consume": 0.12537147102526003,
        "no_consume": 0.87462852897474
      }
    }
  },
  "feature_states": {
    "player_hp_band": [
      "critical_1_20",
      "high_81_100",
      "low_21_50",
      "medium_51_80"
    ],
    "recent_damage_band": [
      "high_31_plus",
      "low_1_10",
      "medium_11_30",
      "none"
    ],